<segment>
	<box shapeDimensions="50, 0.5, 50" texture="../media/wood1.png" bump="../media/wood1_normal.png" position="0,-2,0"/>
  <!-- These boxes are general rubble -->
	<box shapeDimensions="0.5, 0.5, 0.5" texture="../media/Brick tiles - Grey.jpg" position="0,10,18" mass="1"/>
  <box shapeDimensions="0.5, 0.5, 0.5" texture="../media/Brick tiles - Grey.jpg" position="2,10,15" mass="1"/>
  <box shapeDimensions="0.5, 0.5, 0.5" texture="../media/Brick tiles - Grey.jpg" position="4,10,13" mass="1"/>
  <box shapeDimensions="0.5, 0.5, 0.5" texture="../media/Brick tiles - Grey.jpg" position="11,10,10" mass="1"/>
  <box shapeDimensions="0.5, 0.5, 0.5" texture="../media/Brick tiles - Grey.jpg" position="14,10,8" mass="1"/>
  <box shapeDimensions="0.5, 0.5, 0.5" texture="../media/Brick tiles - Grey.jpg" position="16,10,4" mass="1"/>
  <box shapeDimensions="0.5, 0.5, 0.5" texture="../media/Brick tiles - Grey.jpg" position="18,10,1" mass="1"/>
  <box shapeDimensions="0.5, 0.5, 0.5" texture="../media/Brick tiles - Grey.jpg" position="12,10,-6" mass="1"/>
  <box shapeDimensions="0.5, 0.5, 0.5" texture="../media/Brick tiles - Grey.jpg" position="3,10,-8" mass="1"/>
  <box shapeDimensions="0.5, 0.5, 0.5" texture="../media/Brick tiles - Grey.jpg" position="15,10,-10" mass="1"/>
  <box shapeDimensions="0.5, 4, 0.5" texture="../media/Brick tiles - Grey.jpg" position="0,0,-2" mass="1"/>
  <box shapeDimensions="0.5, 4, 0.5" texture="../media/Brick tiles - Grey.jpg" position="7.5,0,15" mass="1"/>
  <box shapeDimensions="0.5, 4, 0.5" texture="../media/Brick tiles - Grey.jpg" position="7.5,0,-9" mass="1"/>
  <box shapeDimensions="4, 0.5, 0.5" texture="../media/Brick tiles - Grey.jpg" position="1,10,-5" mass="1"/>
  <box shapeDimensions="4, 0.5, 0.5" texture="../media/Brick tiles - Grey.jpg" position="14,10,-6" mass="1"/>
  <box shapeDimensions="0.5, 0.5, 4" texture="../media/Brick tiles - Grey.jpg" position="6,10,17" mass="1"/>
  <box shapeDimensions="0.5, 0.5, 4" texture="../media/Brick tiles - Grey.jpg" position="8,10,-12" mass="1"/>
  <!-- Boxes below are the walls -->
  <box shapeDimensions="5, 10, 18" texture="../media/Tile floor.jpg" position="7.5, 0, 3" mass="20"/>
  <box shapeDimensions="2, 4, 36" texture="../media/Tile floor.jpg" position="-7.5, 0, 3" mass="20"/>
  <box shapeDimensions="29, 4, 2" texture="../media/Tile floor.jpg" position="7.5, 0, 22" mass="20"/>
  <box shapeDimensions="2, 4, 36" texture="../media/Tile floor.jpg" position="22.5, 0, 3" mass="20"/>
  <box shapeDimensions="29, 4, 2" texture="../media/Tile floor.jpg" position="7.5, 0, -16" mass="20"/>
  <!-- A jump -->
  <box shapeDimensions="3, 0.1, 3" texture="../media/wood1.png" position="-1, 1, 12" mass="20"/>
  <box shapeDimensions="3, 1, 1" texture="../media/wood1.png" position="-1, 0, 13" mass="20"/>
    <waypoint position="0,2,7" />
	<waypoint position="0,2,12" />
	<waypoint position="5,2,17" />
	<waypoint position="10,2,17" />
	<waypoint position="15,2,12" />  
	<waypoint position="15,2,7" />  
	<waypoint position="15,2,2" />  
	<waypoint position="15,2,-3" />  
	<waypoint position="15,2,-8" />
	<waypoint position="10,2,-11" />
	<waypoint position="5,2,-11" /> 
	<waypoint position="0,2,-8" />
	<waypoint position="0,2,-3" />
</segment>
